Neighborhood,Neighborhood Latitude,Neighborhood Longitude,Venue,Venue Latitude,Venue Longitude,Venue Category,id,likes
Concourse Village,40.824780490842905,-73.91584652759009,Perry Coffee Shop.,40.823181,-73.910928,Diner,4fa534cee4b0fed4819dc7d4,8
Bedford Park,40.870185164975325,-73.8855121841913,Lena Restaurant,40.86983998935334,-73.89046709970651,Mexican Restaurant,4c1bce70b306c92839d262b7,3
Ozone Park,40.680708468265415,-73.84320266173447,Dunkin' / Baskin-Robbins,40.681115101096395,-73.84511939194152,Donut Shop,4c252a61c11dc9b634bc2624,39
Tudor City,40.746917410740195,-73.97121928722265,Baby Bo's Cantina,40.74504810846564,-73.97574844510618,Mexican Restaurant,3fd66200f964a52049e71ee3,183
Morningside Heights,40.807999738165826,-73.96389627905332,Dig Inn,40.8055612,-73.9653484,American Restaurant,52ebf72a498ed778f4b60252,187
Randall Manor,40.63563000681151,-74.09805062373887,Allison Pond Park,40.638869259759005,-74.09949210727927,Park,5202a317498e775e67c8a475,2
Concourse,40.83428380733851,-73.91558941773444,CTown Supermarkets,40.830121554681384,-73.9178341627121,Grocery Store,4cf68a5beb096ea8d300c648,3
Forest Hills Gardens,40.7146110815117,-73.8410221123401,Bonelle Pastry Shop,40.717103617695436,-73.8405707302451,Bakery,4bb0fa35f964a5208d6f3ce3,22
Riverdale,40.890834493891305,-73.9125854610857,MTA MaBSTOA Bus Bx7 / Bx10 / Bx20 / BxM1 / BxM2 / BxM18 at 246th St. / Hudson Parkway,40.89354823043404,-73.90815138816833,Bus Station,4e763197814ddff25ef75d0b,1
Windsor Terrace,40.65694583575104,-73.98007340430172,Krupa Grocery,40.65995716793667,-73.9806956999739,American Restaurant,5361a097498e40a31baa411c,188
Eltingville,40.542230747450745,-74.1643308041936,Country Donuts,40.54553217701427,-74.16089342939937,Coffee Shop,4bb65d86f562ef3b180b3097,16
New Lots,40.6627442796966,-73.88511776379292,Chase Bank,40.6606528,-73.8850301,Bank,4b7db786f964a52034d02fe3,8
Bensonhurst,40.61100890202044,-73.99517998380729,Villa Fiorita,40.611931,-73.997854,Italian Restaurant,4e30a139483bb3fdc436a7e3,3
Windsor Terrace,40.65694583575104,-73.98007340430172,Elora's Restaurant,40.658392301851165,-73.98225907964658,Mexican Restaurant,4a47af4cf964a520f4a91fe3,40
Claremont Village,40.83142834161548,-73.90119903387667,Estella Diggs Park,40.829151,-73.905706,Park,51b73f24498e74bb63f7311a,0
Rugby,40.655572313280764,-73.92688212616955,Walgreens,40.65193930219445,-73.93011787602518,Pharmacy,4c374e51298e9c74c6f807e3,10
Mount Hope,40.84884160724665,-73.90829930881988,Happy Land Chinese Restaurant Buffet,40.8531608581543,-73.90753173828125,Chinese Restaurant,4e4cfe91bd413c4cc66dd626,0
Battery Park City,40.71193198394565,-74.01686930508617,Olive's,40.713199644315836,-74.0158572540602,Sandwich Place,538df67d498e8697475982ee,47
Forest Hills Gardens,40.7146110815117,-73.8410221123401,Bagels etc etc etc,40.718215995372496,-73.84071353973411,Bagel Shop,4b8cf152f964a520abe132e3,5
Howard Beach,40.65422527738487,-73.8381376460028,Walgreens,40.65631389557643,-73.83962300704792,Pharmacy,5da7925d3bac3900082ef9f7,0
Morningside Heights,40.807999738165826,-73.96389627905332,Pret A Manger,40.80783747452057,-73.96443688874767,Sandwich Place,5a20132b340a585aa780fdb0,15
Sheepshead Bay,40.58689012678384,-73.94318640482979,Sheepshead Playground,40.587863038895456,-73.9396703790993,Playground,4e222912483b041af1f5224b,3
Concourse Village,40.824780490842905,-73.91584652759009,Railroad Park,40.82490961511663,-73.91529495962858,Park,4c4b68165609c9b6b0d31391,0
Queensboro Hill,40.7445723092867,-73.82580915110559,Chase Bank,40.7456958,-73.8257467,Bank,4bb48b73f187a593313714f8,1
Manhattanville,40.8169344294978,-73.9573853935188,Chase Bank,40.81566917793985,-73.95793324555281,Bank,52a0b66911d2451c93dcd589,2
Rugby,40.655572313280764,-73.92688212616955,T-Mobile,40.652649,-73.930155,Mobile Phone Shop,4cf930afde096dcb66288d79,1
Ozone Park,40.680708468265415,-73.84320266173447,Ho Ho China Garden,40.68023549172643,-73.84545854404034,Chinese Restaurant,4cedc3a83b03f04dc77236dc,1
Maspeth,40.725427374093606,-73.89621713626859,Maria deli,40.726414918899536,-73.90176236629486,Deli / Bodega,4c657212e1da1b8dba2098c3,2
Claremont Village,40.83142834161548,-73.90119903387667,McKinley Square Park,40.8310968564334,-73.90011245479994,Park,4c25e3235c5ca593761d45fe,1
Middle Village,40.716414511158185,-73.88114319200604,Chase Bank,40.713016,-73.878132,Bank,4fb533877beb65c72e11e5de,4
Ozone Park,40.680708468265415,-73.84320266173447,Esquire Diner,40.67897505281432,-73.84372413892027,Diner,4b78315cf964a5202fbb2ee3,50
Ozone Park,40.680708468265415,-73.84320266173447,T-Mobile,40.68049452137305,-73.84171388159733,Mobile Phone Shop,4e67acf0bd41e96a148c2911,0
Gramercy,40.737209832715,-73.98137594833541,Posto,40.734843,-73.982896,Pizza Place,43c4bb46f964a5205a2d1fe3,137
Belmont,40.85727710073895,-73.88845196134804,Mario's Restaurant & Catering,40.854243777661196,-73.88843667516853,Italian Restaurant,4aa193d5f964a520124120e3,57
Gramercy,40.737209832715,-73.98137594833541,Hane Sushi,40.73490193489146,-73.97984659715061,Sushi Restaurant,49ecf7f1f964a520ba671fe3,157
Riverdale,40.890834493891305,-73.9125854610857,Hayden On Hudson Gym,40.889593,-73.917446,Gym,4ce716cd0f196dcb7fe43bae,0
Bellerose,40.72857318176675,-73.72012814826903,Arturo's Ristorante Italiano,40.72486725375235,-73.7224122384431,Italian Restaurant,4d0ab4386aa05481d5f5e5aa,6
Georgetown,40.62384524478419,-73.91607483951324,AT&T Store,40.62519110286816,-73.91826845710966,Mobile Phone Shop,4e00facfb0fbdf39a455f410,0
Riverdale,40.890834493891305,-73.9125854610857,Spuyten Duyvil Playground,40.8872269807248,-73.91605773455,Playground,51f2c026498ed796d1927393,0
Ozone Park,40.680708468265415,-73.84320266173447,Little Caesars Pizza,40.68025207519531,-73.84403991699219,Pizza Place,52f51b4d498e81fad5a70681,0
Bensonhurst,40.61100890202044,-73.99517998380729,Carvel Ice Cream,40.6153902801513,-73.99391964879203,Ice Cream Shop,567a07e3498ea3d07b6a8a8f,5
Bedford Park,40.870185164975325,-73.8855121841913,My Place Family Pizza,40.86926155772971,-73.88947570131111,Pizza Place,4bd71c916798ef3b563a668d,8
Mount Eden,40.84382617671654,-73.91655551964419,Taqueria Huarache,40.844177,-73.914315,Mexican Restaurant,593336ef66fc654618b5afcf,1
South Ozone Park,40.66854957767195,-73.80986478649041,SUBWAY,40.667303614583304,-73.80649281217102,Sandwich Place,4fd7b91be4b014978ff304af,0
Woodrow,40.541967622888755,-74.20524582480326,Eat Italian,40.541815,-74.20691,Italian Restaurant,5b04e01362845c00243e93b7,5
Grasmere,40.59826835959991,-74.0766743627905,Chase Bank,40.598906,-74.081214,Bank,4cd16e66de0f6dcbf8e07063,5
Borough Park,40.633130512758015,-73.99049823044811,GoBo's,40.631559,-73.995199,Café,5318a567498ea3ae5fef03b6,6
Bushwick,40.69811611017901,-73.92525797487045,Dweebs,40.700507067885084,-73.92279516968233,Coffee Shop,55e9fe71498e8edb034385a7,86
Chinatown,40.71561842231432,-73.99427936255978,Dimes,40.71483045349728,-73.99171854350031,American Restaurant,522dfe8b7e4826517408a264,253
Maspeth,40.725427374093606,-73.89621713626859,Key Food,40.724792,-73.89681,Grocery Store,5b451f23cb3fd2003926431f,1
Georgetown,40.62384524478419,-73.91607483951324,Gourmet Grill,40.61954308297777,-73.91611065315124,American Restaurant,4ba27a3af964a5208efc37e3,40
Greenridge,40.555295236173194,-74.17079414786092,Golden Dove,40.559141574210706,-74.16924480751885,Diner,4b6cfcacf964a520b5612ce3,27
Edgewater Park,40.821986118163494,-73.81388514428619,Hawaii Chinese Kitchen,40.818697,-73.817371,Chinese Restaurant,4cb794b5bac9370417c5d57c,1
Ozone Park,40.680708468265415,-73.84320266173447,Baskin-Robbins,40.681132291467925,-73.84506374479201,Ice Cream Shop,4f997b5bd4f21823bb1f54b0,2
Manor Heights,40.60180957631444,-74.12059399718001,Manor Restaurant,40.604350035773194,-74.12064426296526,American Restaurant,4ba11d67f964a520309937e3,20
Chinatown,40.71561842231432,-73.99427936255978,Michaeli Bakery,40.71470398399014,-73.99184703826903,Bakery,5cd1aa6a9d746800394f556d,19
Gramercy,40.737209832715,-73.98137594833541,Pick A Bagel,40.738653,-73.982366,Bagel Shop,5c2b92ce5bc27d00250b1096,9
Ozone Park,40.680708468265415,-73.84320266173447,Century Deli & Grocery,40.68033060971935,-73.84166552313279,Deli / Bodega,4cea7e17e1eeb60cf481aeae,3
Ozone Park,40.680708468265415,-73.84320266173447,AT&T Store,40.68110723258774,-73.84517581995794,Mobile Phone Shop,5761c70a498e111b3b2323dc,0
Edgewater Park,40.821986118163494,-73.81388514428619,The Miles Coffee Bar,40.81946172710321,-73.81735175518574,Coffee Shop,58b1b3e6076be15eeba26a3f,13
Bushwick,40.69811611017901,-73.92525797487045,Alphaville,40.700655570348815,-73.92571111977058,Bar,53d8078c498ec85537d3df4a,141
Williamsburg,40.70714439344251,-73.95811529220927,L'Industrie Pizzeria,40.711606,-73.957802,Pizza Place,55135426498e9dee8f19cc5f,59
Rochdale,40.67521139591733,-73.77258787620906,Dunkin',40.673387562958,-73.7706039772987,Donut Shop,5bd1f43386bc49002c9d1e36,0
Bushwick,40.69811611017901,-73.92525797487045,Tony Oravio Pizza,40.70111380674978,-73.92249695677663,Pizza Place,4b47d0c7f964a520044026e3,82
Upper East Side,40.775638573301805,-73.96050763135,Sistina,40.777597,-73.961685,Italian Restaurant,57d9ddfe498e8a66d21ce8bb,31
Maspeth,40.725427374093606,-73.89621713626859,CS Bagels,40.727983482507945,-73.8919634591618,Bagel Shop,4c73f02f604a3704a1877e49,1
Forest Hills Gardens,40.7146110815117,-73.8410221123401,Sammie's To Go,40.71903258171348,-73.84154456628488,Sandwich Place,4fce31f4e4b0fb844df7a09e,3
St. Albans,40.69444538522359,-73.75867603727717,VIP Deli,40.69604411423037,-73.7593837034113,Deli / Bodega,4eaae5ba9adfbd5e5d4ba0a2,0
Bushwick,40.69811611017901,-73.92525797487045,Taqueria Santa Fe,40.70043840744845,-73.92070041822765,Mexican Restaurant,571ac9ed498e4010d9d69e53,21
Chinatown,40.71561842231432,-73.99427936255978,Cheeky Sandwiches,40.715821,-73.99183,Sandwich Place,4b1896caf964a52069d423e3,547
Central Harlem,40.81597606742414,-73.94321112603905,Subway,40.81662769839389,-73.9473069028017,Sandwich Place,4c34d395a0ced13a90d6186e,1
Edgewater Park,40.821986118163494,-73.81388514428619,Tosca Marquee,40.81922225798978,-73.81760066505247,Italian Restaurant,4d4456d93616b60c953fe3c2,20
Longwood,40.81509904545822,-73.8957882009446,Dunkin',40.81660291715015,-73.89218437361069,Donut Shop,4cfe98937945224be08396e7,0
Maspeth,40.725427374093606,-73.89621713626859,Subway,40.72755264313823,-73.89310906135961,Sandwich Place,4c432f14a5c5ef3bb8b0b06f,2
Washington Heights,40.85190252555305,-73.93690027985234,Chase Bank,40.850282,-73.935308,Bank,5c40b58e9deb7d00393f7d6e,1
Parkchester,40.837937822267286,-73.85600310535783,Taqueria Tlaxcali,40.83609833012624,-73.85494781241097,Mexican Restaurant,4b4929d2f964a520656826e3,133
Midtown,40.75469110270623,-73.98166882730304,Whole Foods Market,40.75450746689136,-73.98429874954766,Grocery Store,5866f5c30b7e937108ec2adb,216
Parkchester,40.837937822267286,-73.85600310535783,AT&T,40.83661363234151,-73.86120713646727,Mobile Phone Shop,4b523a3cf964a5201d7127e3,5
Greenwich Village,40.72693288536128,-73.99991402945902,Blue Ribbon Sushi,40.72616667889016,-74.0026071220218,Sushi Restaurant,45ac12d6f964a5205d411fe3,304
Homecrest,40.598525095137255,-73.95918459428702,"Golden ""Z"" Restaurant",40.59875836637706,-73.9570096033757,Chinese Restaurant,4b46743ff964a520892126e3,9
Sheepshead Bay,40.58689012678384,-73.94318640482979,Kouros Bay Diner,40.58976071228596,-73.93971282705247,Diner,4b7ae0bff964a52017432fe3,31
West Farms,40.83947505672653,-73.87774474910545,Alitalia Pizzeria Restaurant,40.839676000000004,-73.876021,Pizza Place,4e4e3e6cbd4101d0d7a5ca87,6
Fordham,40.86099679638654,-73.89642655981623,Corky's,40.8633837630958,-73.89651501651548,Diner,4c065fba517d0f4724d9f515,15
Marine Park,40.609747779894604,-73.93134404108497,Crossfit Marine Park,40.60687,-73.93029399999999,Gym,4c86cffbf554236a5a00c855,1
Arverne,40.58914394372971,-73.79199233136943,Subway,40.59315490722656,-73.79411315917969,Sandwich Place,5165c914e4b0383517d3d310,0
Concourse,40.83428380733851,-73.91558941773444,Key Food,40.83346357122027,-73.91454341113266,Grocery Store,533c67ba11d2d3b54a68bc74,3
Borough Park,40.633130512758015,-73.99049823044811,Rite Aid,40.6338602,-73.9936444,Pharmacy,4d458e531911a093724ce3d8,10
Belmont,40.85727710073895,-73.88845196134804,Madonia Bakery,40.85441232476012,-73.88851590024353,Bakery,4bb6496e46d4a59398fdc5c0,78
Bellerose,40.72857318176675,-73.72012814826903,Bellerose Deli,40.7259716525979,-73.71873457953446,Deli / Bodega,4c4965a5b5eec9b6806eaea4,0
Melrose,40.819754370594936,-73.90942160757436,Domino's Pizza,40.81982581801686,-73.91359559729159,Pizza Place,4e0d238622711665f6088cf7,0
Kingsbridge,40.88168737120521,-73.90281798724604,Carvel Ice Cream,40.883657145742866,-73.90165452034793,Ice Cream Shop,4bdc88c92a3a0f47144ab3b6,5
Windsor Terrace,40.65694583575104,-73.98007340430172,Windsor Cafe,40.66010533201,-73.98067619390811,Diner,49baf166f964a520c9531fe3,44
Heartland Village,40.58913894875281,-74.15902208156601,Mr. Pizza's Pasta House,40.591163635253906,-74.1641616821289,Pizza Place,4bcc87a60687ef3b3961dfcc,2
Noho,40.72325901885768,-73.98843368023597,Punjabi Grocery & Deli,40.722418377692485,-73.98694780645458,Deli / Bodega,43a7557bf964a5206b2c1fe3,263
Rego Park,40.72897409480735,-73.8578268690537,J&D Pizzeria & Restaurant,40.73248653909926,-73.85741921688103,Pizza Place,4b3a5633f964a520f96425e3,22
Concourse,40.83428380733851,-73.91558941773444,Dunkin',40.83542014841014,-73.92101154896716,Donut Shop,4d03e616347da1cd746a288f,20
Morris Park,40.847549063536334,-73.85040178030421,Doyle's Pub,40.84846317892645,-73.855371226226,Bar,4c2d2cfee116e21e7a308e60,13
Marble Hill,40.87655077879964,-73.91065965862981,Dunkin',40.87713584201589,-73.90666550701411,Donut Shop,4b5357adf964a520319827e3,68
Morningside Heights,40.807999738165826,-73.96389627905332,CVS Pharmacy,40.804121,-73.966669,Pharmacy,5c97f9ed4a7aae002ccb279b,2
Manhattan Valley,40.797307041702865,-73.96428617740655,Silver Moon Bakery,40.80047662802329,-73.96799885744083,Bakery,42659b80f964a52033211fe3,169
Longwood,40.81509904545822,-73.8957882009446,Subway,40.8163212057934,-73.89664561468527,Sandwich Place,4d895394bc848cfa2100c12b,2
East Village,40.727846777270244,-73.98222616506416,Ferns,40.72889978279074,-73.9843492046894,Bar,59c44abfb546184e25b5064b,129
Arverne,40.58914394372971,-73.79199233136943,Locals Collective NYC,40.59039469397235,-73.79767656326294,Coffee Shop,5c9418079d7468002cf73500,14
Concourse Village,40.824780490842905,-73.91584652759009,Porto Salvo,40.823887357573966,-73.91291020190582,Italian Restaurant,5956be26123a195de6701c2b,10
Parkchester,40.837937822267286,-73.85600310535783,Subway,40.8360111,-73.8600018,Sandwich Place,4c025889096ed13af9b37926,2
Noho,40.72325901885768,-73.98843368023597,Lil' Frankie's,40.723444771266365,-73.9883282856349,Italian Restaurant,3fd66200f964a520d0e41ee3,893
Woodrow,40.541967622888755,-74.20524582480326,Woodrow Diner,40.54283345461835,-74.20675040418,Diner,4a8ed3e6f964a520ce1220e3,24
Bedford Park,40.870185164975325,-73.8855121841913,Bedford Park Gourmet Deli,40.86800966320367,-73.8842049508711,Deli / Bodega,4c981f9cf419a093f4716d88,9
Utopia,40.73350025429757,-73.79671678028349,Utopia Parkway Playground,40.73069265179127,-73.79260827166793,Playground,4b6c52c1f964a520a3302ce3,9
Belmont,40.85727710073895,-73.88845196134804,Estrellita Poblana,40.85400959882801,-73.88892348848158,Mexican Restaurant,4c27e5e0fe6e2d7f4f84523c,67
South Ozone Park,40.66854957767195,-73.80986478649041,Pals Oval Park,40.668634103626864,-73.80587816746191,Park,4be1c3fca145c928b7804e80,0
Tudor City,40.746917410740195,-73.97121928722265,Hole in the Wall,40.744077,-73.971727,Café,5d05127ac0363500385f2ef1,27
Bensonhurst,40.61100890202044,-73.99517998380729,Wasabi,40.614718062379666,-73.99475137197847,Sushi Restaurant,4ad3ad99f964a52092e520e3,5
West Farms,40.83947505672653,-73.87774474910545,Twin Donut,40.840683,-73.878872,Donut Shop,4d303d175acfa35def04f7cb,2
Rosebank,40.61530494652761,-74.06980526716141,T-Mobile,40.6163128,-74.0680736,Mobile Phone Shop,598122b86cf01a79f10cac6d,0
Manhattan Beach,40.57791350308657,-73.94353722891886,manhattan beach playground,40.577114717720455,-73.94658748002345,Playground,4fcf9348e4b00e6d0659581d,7
Bellerose,40.72857318176675,-73.72012814826903,King Rice Chinese Restaurant,40.72653316226951,-73.71664486572116,Chinese Restaurant,4df56327c65bf55ee53269c2,0
Bellerose,40.72857318176675,-73.72012814826903,Triple Crown Diner,40.726246,-73.716034,Diner,4b6b5883f964a52064022ce3,73
Noho,40.72325901885768,-73.98843368023597,Uchu,40.721721506843686,-73.99015624935612,Sushi Restaurant,590ba0a69b04736a453f901a,32
Mount Eden,40.84382617671654,-73.91655551964419,T-Mobile,40.83993217036757,-73.9174385368824,Mobile Phone Shop,560acd17498e5ac80190acd8,0
Annadale,40.53811417474507,-74.17854866165878,The Pizza Parlor,40.540517,-74.176718,Pizza Place,58eea452e72ef631e9b864c8,3
Battery Park City,40.71193198394565,-74.01686930508617,Blue Bottle Coffee,40.7105890125794,-74.012371301651,Coffee Shop,59bd506ce2d4aa3d68b99a88,131
Washington Heights,40.85190252555305,-73.93690027985234,Forever Coffee Bar,40.85043253392718,-73.93660674414312,Coffee Shop,5bafd8419de23b002c772a72,4
Edgewater Park,40.821986118163494,-73.81388514428619,Tommy's Pizzeria,40.81957293563141,-73.81748174041417,Pizza Place,4c78a45597028cfa05b6d8fe,15
Ozone Park,40.680708468265415,-73.84320266173447,TD Bank,40.68044,-73.8412639,Bank,5022b54ce4b04ac74d74c5ac,3
Rugby,40.655572313280764,-73.92688212616955,Wah Do Chinese Restaurant,40.65607452392578,-73.92327117919922,Chinese Restaurant,4d4218a5607b6dcb1ddd08c6,1
Manhattanville,40.8169344294978,-73.9573853935188,Subway,40.81894459992078,-73.95236346841419,Sandwich Place,4bd8639ce914a593291453fa,1
Maspeth,40.725427374093606,-73.89621713626859,Rosa's Pizza,40.72686299417401,-73.89551730598838,Pizza Place,4add1b9af964a520196421e3,131
Bushwick,40.69811611017901,-73.92525797487045,Zefe's Mexican Restaurant,40.697640921022305,-73.92916873367237,Mexican Restaurant,4dd6d110814d85e931ff48e4,10
Wakefield,40.89470517661,-73.84720052054902,Dunkin',40.8904587811365,-73.84908886747644,Donut Shop,4c25c212f1272d7f836385c5,11
Melrose,40.819754370594936,-73.90942160757436,Little Caesars Pizza,40.820126,-73.912712,Pizza Place,4df7be37aeb7f7c3b5436f7a,1
Prospect Lefferts Gardens,40.658420017469815,-73.95489867077713,Scoops,40.658172,-73.960753,Ice Cream Shop,4c547833728920a1daebcf82,9
Grasmere,40.59826835959991,-74.0766743627905,Sunrise Bagels & Deli,40.598121,-74.072383,Bagel Shop,500d3465e4b0ba42c2e43052,0
Manor Heights,40.60180957631444,-74.12059399718001,Manor Sushi,40.605181,-74.12119799999999,Sushi Restaurant,4dc45982d164eb9c9fd34419,2
Eltingville,40.542230747450745,-74.1643308041936,Domino's Pizza,40.542748806150975,-74.16411459445953,Pizza Place,4bdb72dfc79cc928dfe382e9,2
Gravesend,40.59526001306593,-73.97347087708445,Ciccio's,40.59667201492687,-73.97634043335019,Pizza Place,4c059bfc191f20a1895de314,11
Clason Point,40.80655112003589,-73.85414416189266,Shore Haven bikepath,40.80746238044827,-73.85447516703087,Park,4e5bdca018a8c204752b190b,0
Maspeth,40.725427374093606,-73.89621713626859,T-Mobile,40.72724859556207,-73.89357878848841,Mobile Phone Shop,511175a2c84c85960120dfe9,2
Queensboro Hill,40.7445723092867,-73.82580915110559,TD Bank,40.7468293,-73.8264688,Bank,4c1d7cd9b9f876b0f3c77d46,3
Gravesend,40.59526001306593,-73.97347087708445,Avenue U Eagle Kitchen,40.596140000000005,-73.978737,Chinese Restaurant,4c03eff80b8eef3b64d3b882,0
Claremont Village,40.83142834161548,-73.90119903387667,MTA: Bx 35,40.83077446877894,-73.90359413203424,Bus Station,4eb004370aafcac7e54d8b3b,0
Rugby,40.655572313280764,-73.92688212616955,Domino's Pizza,40.65680875610549,-73.9306953549385,Pizza Place,4b5521e4f964a5204bdc27e3,4
Bushwick,40.69811611017901,-73.92525797487045,Mr. Lemon,40.699875170492376,-73.92016752538002,Grocery Store,57ab7e4a498e9d58110c9562,32
Wakefield,40.89470517661,-73.84720052054902,Central Deli,40.896728,-73.844387,Deli / Bodega,4f32458019836c91c7c734ff,0
Astoria Heights,40.7703173929982,-73.89467996270574,Friendly Bakery,40.76810385477303,-73.8947197680026,Bakery,4bed5e663372c928137f1114,6
Hudson Yards,40.75665808227519,-74.00011136202637,Friedman's,40.75527060199177,-73.99850924419557,American Restaurant,54ddf9a1498e766ab85781f4,335
Washington Heights,40.85190252555305,-73.93690027985234,Green Juice Cafe,40.85189793238417,-73.93482699423339,Café,5547b2fb498e5a61fb5c80de,17
Central Harlem,40.81597606742414,-73.94321112603905,ACP Coffee,40.81500815234818,-73.9443029482927,Café,570ab94f498ed6d53d54f955,35
Ditmas Park,40.643675183340974,-73.96101312466779,San Remo Pizzeria,40.64095313325507,-73.96499112808877,Pizza Place,4b5b3c86f964a52046ed28e3,42
Windsor Terrace,40.65694583575104,-73.98007340430172,Daytime,40.65858,-73.9781,Café,5c4ce1ccdd8442002c2bfb4f,18
Wakefield,40.89470517661,-73.84720052054902,Carvel Ice Cream,40.890486685759605,-73.84856772568665,Ice Cream Shop,4c783cef3badb1f7e4244b54,14
Edgewater Park,40.821986118163494,-73.81388514428619,Muscle Maker Grill,40.81939123374593,-73.81729767562672,American Restaurant,4bf471c198ac0f47190664a8,44
Marine Park,40.609747779894604,-73.93134404108497,Pizza Emporium,40.60915469821627,-73.93213071145487,Pizza Place,4bf6c5fb5ec320a102ba85d3,7
Grasmere,40.59826835959991,-74.0766743627905,Walgreens,40.5991544,-74.0816831,Pharmacy,4bbd2842078095215a50da91,9
Manor Heights,40.60180957631444,-74.12059399718001,Donut World,40.604677,-74.121138,Donut Shop,5c56ec983149b9002c02aae0,3
Howard Beach,40.65422527738487,-73.8381376460028,Howard Beach Bagel Cafe,40.652872735346406,-73.839198353048,Bagel Shop,52c8472d498eaad41f4561d4,0
Prospect Heights,40.676822262254724,-73.9648592426269,The Barlow,40.675464,-73.963131,Bar,5df9b03675387a00074631d2,26
Graniteville,40.620171512231884,-74.15315246387762,X12 Express Bus Stop,40.61860656738281,-74.15526580810547,Bus Station,4ea80a88f5b91731700112ab,0
Prospect Lefferts Gardens,40.658420017469815,-73.95489867077713,Silver Rice,40.659673,-73.960368,Sushi Restaurant,56f0a695cd1075cd28419327,41
Floral Park,40.741378421945434,-73.70884705889246,Floral Park Wine & Liquor,40.73727116162684,-73.70888998417169,Wine Shop,50ad9778e4b0f10420f8e9df,1
St. George,40.6449815710044,-74.07935312512797,Starbucks,40.644745,-74.074488,Coffee Shop,5ce097771de765002cda6a31,4
Hunts Point,40.80972987938709,-73.88331505955291,City Tamale Inc,40.8102546,-73.8846809,Mexican Restaurant,5b901665dd70c5002c9f6cbc,3
Rosebank,40.61530494652761,-74.06980526716141,Rosebank Tavern,40.612474,-74.065212,Bar,4c8544c647cc224b6d8b9f9f,4
Marble Hill,40.87655077879964,-73.91065965862981,Terrace View Delicatessen,40.875995,-73.913151,Deli / Bodega,4ed7956b8b81b2bf28adc714,0
Claremont Village,40.83142834161548,-73.90119903387667,Golden Krust Caribbean Restaurant,40.831559000000006,-73.900226,Caribbean Restaurant,4bb794d41261d13a2583e798,0
Bedford Stuyvesant,40.687231607720456,-73.94178488690297,NSA Foodmarkets,40.69114382340411,-73.93955652707788,Grocery Store,4ccc807697d0224b36a760b8,5
Melrose,40.819754370594936,-73.90942160757436,CTown Supermarkets,40.82337247401143,-73.9089269883284,Grocery Store,4ca84cbc14c337040abcd23b,2
Eltingville,40.542230747450745,-74.1643308041936,TOMO Japanese Cuisine,40.54283524941763,-74.16557764794854,Sushi Restaurant,4bda0cbfaae4ef3b3dcc6ec6,10
Prospect Heights,40.676822262254724,-73.9648592426269,Mexicocina Agaveria,40.676865,-73.963817,Mexican Restaurant,5c942e786eda02002cb33180,4
Maspeth,40.725427374093606,-73.89621713626859,Yeun Wah Takeout,40.72224004055848,-73.89270794268955,Chinese Restaurant,4d586ba98147f04db338a254,0
St. Albans,40.69444538522359,-73.75867603727717,Yardies Jerk,40.69403801708779,-73.75354575423022,Caribbean Restaurant,56c3aeaecd10ecc799b5aa13,10
Kingsbridge,40.88168737120521,-73.90281798724604,Papa John's Pizza,40.87846686452555,-73.90299731682387,Pizza Place,5aa003f5b6eedb52c65bddb8,0
Manhattan Valley,40.797307041702865,-73.96428617740655,Osteria 106,40.79882481969301,-73.96179298262278,Italian Restaurant,5962a53dc824ae6362e9e625,39
West Village,40.73443393572434,-74.00617998126812,The Little Owl,40.73244092098896,-74.0054235934664,American Restaurant,45379ccef964a520c13b1fe3,608
Melrose,40.819754370594936,-73.90942160757436,Bravo Supermarkets,40.81780882,-73.90552901,Grocery Store,4df9fe50d22d964c6b9b9034,0
Eltingville,40.542230747450745,-74.1643308041936,Campania Coal Fired Pizza,40.54320615990769,-74.16403266834551,Pizza Place,541b5438498ef6d4a62798c8,34
Fordham,40.86099679638654,-73.89642655981623,Krispy Kreme,40.8620491027832,-73.89225006103516,Donut Shop,5dc9d8ae1cd5cb00089ea812,2
Noho,40.72325901885768,-73.98843368023597,Equinox Orchard Street,40.72237017311023,-73.98793738659782,Gym,59cd5e7ee96d0c7515ce6d4f,43
Mount Hope,40.84884160724665,-73.90829930881988,SUBWAY,40.849245,-73.904839,Sandwich Place,4d728428946b6dcbec4e3d7a,1
Longwood,40.81509904545822,-73.8957882009446,Real Azteca Restaurant,40.81525226803688,-73.89402465895539,Mexican Restaurant,4d32397eb60937040dbcf4df,1
Hamilton Heights,40.823604284811935,-73.94968791883366,Sweet Chef Southern Style Bakery,40.824053,-73.94935500000001,Bakery,4b0ea09ef964a520145923e3,9
Windsor Terrace,40.65694583575104,-73.98007340430172,Windsor Wines,40.66018312350765,-73.98056670020625,Wine Shop,4a47a8b1f964a520e7a91fe3,28
Great Kills,40.549480228713605,-74.14932381490992,Benvenuti Pizzeria e Trattoria,40.5512054717975,-74.15017511029485,Italian Restaurant,4cb8efaa90c9a143a5e183d6,3
Upper East Side,40.775638573301805,-73.96050763135,Antonucci,40.77571064654,-73.95660701282836,Italian Restaurant,4b3bedfaf964a5209e7e25e3,42
Tudor City,40.746917410740195,-73.97121928722265,251 Ginza Sushi,40.74556726462068,-73.9757060569526,Sushi Restaurant,4bba3cf87421a593728fc340,30
Morningside Heights,40.807999738165826,-73.96389627905332,Häagen-Dazs,40.80629288415964,-73.96513742981416,Ice Cream Shop,4a63840bf964a5203ac51fe3,21
Astoria Heights,40.7703173929982,-73.89467996270574,Raimonda Park,40.772609764669276,-73.897280680728,Playground,5249f58b498e965773873731,4
Great Kills,40.549480228713605,-74.14932381490992,Nonna's,40.551088916834885,-74.15111674680456,Pizza Place,4bf0737d6f8aa593b8e8c13c,9
Washington Heights,40.85190252555305,-73.93690027985234,Le Chéile,40.85145903601843,-73.93998920917511,Café,4e77e40118387f865961f673,215
Morningside Heights,40.807999738165826,-73.96389627905332,Riverside Park,40.806809433439135,-73.96865129470825,Park,4a06ff94f964a52017731fe3,305
Bensonhurst,40.61100890202044,-73.99517998380729,Dunkin',40.61257462702729,-74.00052567768839,Donut Shop,5312041b498e71482cf63798,4
Queensboro Hill,40.7445723092867,-73.82580915110559,Ace  Bagel & Rolls,40.74367020856401,-73.82580623846098,Bagel Shop,4bee8784d355a593bef60a60,5
Claremont Village,40.83142834161548,-73.90119903387667,CTown Supermarkets,40.83490102679978,-73.90339051062654,Grocery Store,515c8e9ab0b968b3c850eb01,0
Georgetown,40.62384524478419,-73.91607483951324,TD Bank,40.62702604819837,-73.91748346768964,Bank,51b4c234498ecfb072ab5a6b,8
Civic Center,40.71522892046282,-74.00541529873355,Takahachi Bakery,40.713652845301894,-74.0088038953017,Bakery,4c154c9a77cea593c401d260,251
Homecrest,40.598525095137255,-73.95918459428702,El Mexicano Restaurante & Cafe Inc,40.5985425547682,-73.95635259929597,Mexican Restaurant,507e08fae4b0998ce3421276,15
Washington Heights,40.85190252555305,-73.93690027985234,AT&T,40.84949305694621,-73.93456041812897,Mobile Phone Shop,4e2c467d227197a112e202a3,6
Woodrow,40.541967622888755,-74.20524582480326,Islander Taste I,40.54272652878382,-74.20758604813165,Chinese Restaurant,4d8bc294bb88f04d0f659e3a,4
Manor Heights,40.60180957631444,-74.12059399718001,Walgreens,40.603559,-74.1202424,Pharmacy,4b772201f964a520a1802ee3,17
Williamsburg,40.70714439344251,-73.95811529220927,Blink Fitness,40.70874086716891,-73.95832431779098,Gym,579baeff498e21290f2705c9,48
Woodrow,40.541967622888755,-74.20524582480326,Chase Bank,40.54213524886132,-74.20720884611241,Bank,5bcdf643c824ae002cba4f3e,1
Noho,40.72325901885768,-73.98843368023597,El Diablito Taqueria,40.725228897078274,-73.98904211451524,Mexican Restaurant,518ae551498e2f46f121c613,141
Manhattanville,40.8169344294978,-73.9573853935188,Sushi Sushi,40.81855014925793,-73.95273086623575,Sushi Restaurant,51573e61e4b06ee00f00307b,32
Howard Beach,40.65422527738487,-73.8381376460028,Duane Reade,40.65161178362227,-73.83862609457287,Pharmacy,4bc8755292b376b0c765513a,2
Borough Park,40.633130512758015,-73.99049823044811,Capital One Bank,40.636571,-73.990898,Bank,4c73c5e50e23b1f70a3121dc,1
Howard Beach,40.65422527738487,-73.8381376460028,Prima Pasta & Cafe,40.65438500803745,-73.83909340122082,Italian Restaurant,4bafdb5df964a52086263ce3,36
Morningside Heights,40.807999738165826,-73.96389627905332,Samad's Gourmet,40.805138975346054,-73.96602347805818,Deli / Bodega,4ad72296f964a520cc0821e3,11
Lighthouse Hill,40.57650629379489,-74.13792663771568,Moonstruck Cafe,40.573073,-74.136913,Café,50b7cd06e4b0dd3bd93d0eb7,2
Chinatown,40.71561842231432,-73.99427936255978,Regina's Grocery,40.71545271972335,-73.99162066038105,Sandwich Place,59318ce1c5b11c6c16c15d29,34
Bedford Park,40.870185164975325,-73.8855121841913,Frank's Deli & Grocery,40.866269,-73.88581500000001,Deli / Bodega,5729282f498e40e19d17c220,1
Mount Eden,40.84382617671654,-73.91655551964419,Luigi's Pizza,40.84357833862305,-73.91240692138672,Pizza Place,4dd299f9d22d67839c5f6af0,4
Castleton Corners,40.61333593766742,-74.11918058534842,Joe & Pat Pizzeria and Restaurant,40.61304647514354,-74.12212777422766,Pizza Place,4af63dc0f964a5208c0222e3,31
Morningside Heights,40.807999738165826,-73.96389627905332,Nous Espresso Bar -  Graduate Student Center,40.807532679241426,-73.96087936080511,Café,534560c6498e7e382358a4ec,58
Chinatown,40.71561842231432,-73.99427936255978,Scarr's Pizza,40.715335008813696,-73.99164900167455,Pizza Place,56c3c626cd106998d2b196d0,97
Bedford Park,40.870185164975325,-73.8855121841913,Confectionaires Bakery,40.867506,-73.883297,Bakery,5b745f30872f7d0039d741ce,2
Middle Village,40.716414511158185,-73.88114319200604,SUBWAY,40.71251252721162,-73.87938571508111,Sandwich Place,4bc63c3651b376b095391b6f,1
Howard Beach,40.65422527738487,-73.8381376460028,Empire Buffet,40.65448296385855,-73.83834313171272,Chinese Restaurant,4ba57b0af964a5205f0b39e3,19
Prospect Lefferts Gardens,40.658420017469815,-73.95489867077713,Errol's Caribbean Bakery,40.657159556586244,-73.9602038138049,Caribbean Restaurant,4c79b5f683a7bfb7527f7ff8,11
Rosebank,40.61530494652761,-74.06980526716141,Subway,40.61523061069549,-74.06649905010045,Sandwich Place,4c8592d351ada1cd6f4d3910,5
Bensonhurst,40.61100890202044,-73.99517998380729,Baskin-Robbins,40.61509744375493,-73.99395033291107,Ice Cream Shop,4d6025391ee8721e6f36a721,0
Marine Park,40.609747779894604,-73.93134404108497,new grand wok,40.609311,-73.931668,Chinese Restaurant,4c5075d73940be9ae2124a07,0
Fordham,40.86099679638654,-73.89642655981623,Fordham Restaurant,40.86273352895031,-73.89677774336448,Diner,4b954545f964a5203c9934e3,12
Mount Eden,40.84382617671654,-73.91655551964419,Rite Aid,40.83971,-73.916967,Pharmacy,4d2ce8e0fd2e236a24c9ebde,0
New Dorp,40.57257231820632,-74.1164794360638,La Strada,40.573742673776685,-74.11562734222126,Italian Restaurant,4b343839f964a5203a2625e3,24
Chinatown,40.71561842231432,-73.99427936255978,Xi'an Famous Foods,40.715231941715004,-73.99726288220869,Chinese Restaurant,5894c9a15e56b417cf79e553,41
Concourse,40.83428380733851,-73.91558941773444,CVS pharmacy,40.83530662693773,-73.92072176482903,Pharmacy,55f6ce59498e2feb32cb7da3,6
Eltingville,40.542230747450745,-74.1643308041936,Rite Aid,40.544619,-74.160625,Pharmacy,4c518e29d2a7c9b6fdb16311,4
Prospect Lefferts Gardens,40.658420017469815,-73.95489867077713,STREETSWEEPER,40.657185999999996,-73.95342600000001,Pizza Place,5792c068498eaba98510a712,8
Longwood,40.81509904545822,-73.8957882009446,CTown Supermarkets,40.81696566873799,-73.89580383896828,Grocery Store,50426887e4b00fd08f1b8266,5
Gramercy,40.737209832715,-73.98137594833541,Maialino,40.7384419150589,-73.98561005041564,Italian Restaurant,4afb2990f964a520a91b22e3,1449
Riverdale,40.890834493891305,-73.9125854610857,MTA BX7 238th Stop,40.88903574764659,-73.9080494858546,Bus Station,4debf073ae60e98923802c89,0
Hamilton Heights,40.823604284811935,-73.94968791883366,Riverside Park 138th St Entrance,40.82306337331719,-73.9549277650913,Park,4da7589a1e72d9bb472dcc0f,27
Clason Point,40.80655112003589,-73.85414416189266,Shop Smart Food Mart Soundview Ave,40.80947620728788,-73.85456705405758,Grocery Store,4da84054fa8c4175d0b46750,1
Ditmas Park,40.643675183340974,-73.96101312466779,Dunkin',40.64661490960654,-73.95834277809286,Donut Shop,5161661ce4b0531a2ab8ab7c,12
Arverne,40.58914394372971,-73.79199233136943,Cuisine By Claudette,40.590558,-73.79735,Café,5d739b3c87f7b800083a111f,2
Gramercy,40.737209832715,-73.98137594833541,Frank's Trattoria,40.7360311287152,-73.97915989751004,Pizza Place,4b4bca62f964a520cba726e3,35
New Dorp,40.57257231820632,-74.1164794360638,Pronto Pizza,40.57132503373072,-74.11114965254167,Pizza Place,4b5f2ff9f964a520e1ab29e3,6
Civic Center,40.71522892046282,-74.00541529873355,Hungry Ghost,40.71537908911408,-74.00747585756598,Coffee Shop,5c7d2d843d4791002c881f1c,30
Belmont,40.85727710073895,-73.88845196134804,Michaelangelo's Coal Fired Brick Oven Pizza Restaurant,40.85741189614754,-73.88646821282298,Italian Restaurant,4af71916f964a520cf0522e3,39
Tudor City,40.746917410740195,-73.97121928722265,Montagu's Gusto,40.74555834476401,-73.97522572857501,American Restaurant,5a022e729411f217c431e972,18
Manhattanville,40.8169344294978,-73.9573853935188,Dear Mama Coffee,40.817333,-73.959494,Coffee Shop,5b0345aa9ba3e5002c6bfeb8,8
Morningside Heights,40.807999738165826,-73.96389627905332,Westside Market,40.8042546041038,-73.96659969137721,Grocery Store,4a78f566f964a520b2e61fe3,247
New Dorp,40.57257231820632,-74.1164794360638,SUBWAY,40.57382855300669,-74.11582156739867,Sandwich Place,4bfab28a5efe2d7fbcfc6d34,0
Morningside Heights,40.807999738165826,-73.96389627905332,Morningside Park,40.806144282339694,-73.95879685878754,Park,49d91905f964a520005e1fe3,99
Bensonhurst,40.61100890202044,-73.99517998380729,A+ noodle House,40.61515426635742,-73.99459838867188,Chinese Restaurant,4be5aed3d4f7c9b692be2520,1
Bushwick,40.69811611017901,-73.92525797487045,Fine Time,40.70076533597775,-73.9299159564469,Bar,5977d8ff1f74400a806b493d,37
Red Hook,40.676253230250886,-74.0127589747356,Sunny's,40.67563606268985,-74.01680340973766,Bar,41b3a100f964a520751e1fe3,171
Parkchester,40.837937822267286,-73.85600310535783,Blink Fitness,40.83532458554998,-73.86074223576577,Gym,503568d0e4b02de9367f934e,12
Bedford Park,40.870185164975325,-73.8855121841913,CTown Supermarkets,40.87393696550383,-73.88391345396735,Grocery Store,4c4644e9cd5ca593af610087,6
East Village,40.727846777270244,-73.98222616506416,Miss Lily's 7A,40.72605803974587,-73.98368581540872,Caribbean Restaurant,537822d3498edcf629cebd3d,570
Belmont,40.85727710073895,-73.88845196134804,Mike's Deli,40.85413107559137,-73.8881359312148,Deli / Bodega,4ace366bf964a5201bcf20e3,18
Williamsburg,40.70714439344251,-73.95811529220927,Gottlieb's Restaurant,40.70764197787768,-73.96123691979123,Diner,45f91993f964a52041441fe3,23
Concourse,40.83428380733851,-73.91558941773444,Bravo Supermarkets,40.83830937058824,-73.91322795759584,Grocery Store,4d2e3077e04354813b5baeed,2
Prospect Lefferts Gardens,40.658420017469815,-73.95489867077713,Papa John's Pizza,40.65706260104479,-73.95291108629641,Pizza Place,4b64e55af964a52031d82ae3,1
Parkchester,40.837937822267286,-73.85600310535783,Bangla Town Supermarket,40.83636616,-73.85288427,Grocery Store,4cbdf93a7148f04dde14f0ab,0
Bedford Stuyvesant,40.687231607720456,-73.94178488690297,Brown Butter,40.68336497667256,-73.94387876229449,Café,599321fcd4cc9849c017f19c,13
Gravesend,40.59526001306593,-73.97347087708445,Rite Aid,40.59675624624044,-73.97545660425911,Pharmacy,4d911aa3033ba35d7447690d,4
Fordham,40.86099679638654,-73.89642655981623,Primavera Cafe,40.86200374119285,-73.89153741654775,Café,51bb492d498e4a3ea2ebf17d,26
Concourse,40.83428380733851,-73.91558941773444,Domino's Pizza,40.83587284041261,-73.92099072040764,Pizza Place,4d41f0caaed776ebb2a86997,0
Rugby,40.655572313280764,-73.92688212616955,Capital One Bank,40.6517957,-73.9291506,Bank,4d34f189c6cba35de647387a,5
Edgewater Park,40.821986118163494,-73.81388514428619,Tosca Café,40.819204436132736,-73.81746681637895,Bar,4b4b9f1df964a5201fa226e3,167
Pomonok,40.73493618075478,-73.80486120040537,Napoli's Pizzeria,40.732991722442435,-73.80481538456173,Pizza Place,4b8775dff964a520e0bf31e3,24
Rugby,40.655572313280764,-73.92688212616955,Chase Bank,40.65209727901707,-73.92973837990282,Bank,4fb533867beb65c72e11e4a2,3
Longwood,40.81509904545822,-73.8957882009446,Playground 52,40.815538402610144,-73.9013147428721,Playground,4d7fdb529df3f04db6ffdd94,1
New Dorp,40.57257231820632,-74.1164794360638,Nori,40.57373691295499,-74.11752277814138,Sushi Restaurant,4b89bfbff964a5205e4d32e3,9
Laurelton,40.66788389660247,-73.74025607989822,Henrica's Restaurant And Lounge,40.666813,-73.73652,Caribbean Restaurant,4fde48afe4b0b4dd29a80328,20
Bedford Park,40.870185164975325,-73.8855121841913,Jolly Tinker,40.86745127461597,-73.88353583600046,Italian Restaurant,4b1712a8f964a520dbc123e3,19
Woodrow,40.541967622888755,-74.20524582480326,Orangetheory Fitness,40.5421456,-74.2074313,Gym,5cab75d91ffed700398ce038,0
Edgemere,40.595641807368494,-73.77613282391705,Papa John's Pizza,40.595157339170434,-73.78016923615274,Pizza Place,5461633e498ef9c2cef5879d,0
Gramercy,40.737209832715,-73.98137594833541,Taqueria Gramercy,40.736217818653216,-73.98501093953391,Mexican Restaurant,5b6e2e356adbf5002c7bc64c,47
Fordham,40.86099679638654,-73.89642655981623,Dunkin',40.861298,-73.898337,Donut Shop,4e38a2cfbd415d9f63d71132,1
Georgetown,40.62384524478419,-73.91607483951324,Subways,40.62653322690518,-73.9167245022349,Sandwich Place,52ab957b11d2430ab2440c3b,1
Noho,40.72325901885768,-73.98843368023597,Urban Wines NYC,40.724277609066995,-73.98763034113799,Wine Shop,531b61be498e6f4ddf0d8435,47
New Dorp,40.57257231820632,-74.1164794360638,Piece A Cake,40.57330904848907,-74.11506337218066,Bakery,4f1ee4b5e4b01dbd1eef8d79,58
Borough Park,40.633130512758015,-73.99049823044811,Duane Reade,40.63184735626117,-73.98488938808447,Pharmacy,4cac93b08f029eb0e885548f,0
Rochdale,40.67521139591733,-73.77258787620906,Variety Drugs,40.6735554939805,-73.77071962981137,Pharmacy,4d24f3ff903c8cfa4fb1c925,1
Claremont Village,40.83142834161548,-73.90119903387667,"Jennie's Baked 4 U, Inc",40.833077056134584,-73.90564957854761,Bakery,55d775d6498e9bca2c3e1505,2
Manhattan Valley,40.797307041702865,-73.96428617740655,Gourmet Deli,40.79920173065755,-73.96291174986665,Deli / Bodega,4a7e59fdf964a520ccf11fe3,6
Morningside Heights,40.807999738165826,-73.96389627905332,The Hungarian Pastry Shop,40.803561933892944,-73.96347501357707,Coffee Shop,40f32600f964a520720a1fe3,506
Upper East Side,40.775638573301805,-73.96050763135,Eli's Night Shift,40.77434551192844,-73.95751164710708,Bar,564bc0e5498ebbcbab5b0d7b,46
Prospect Lefferts Gardens,40.658420017469815,-73.95489867077713,Camillo,40.65962621054929,-73.95056843938069,Italian Restaurant,59bfcdfb2079551e2b628d20,54
Marble Hill,40.87655077879964,-73.91065965862981,Subway,40.8746665302951,-73.9095858429637,Sandwich Place,4b4f7b65f964a5205a0827e3,1
Hudson Yards,40.75665808227519,-74.00011136202637,Van Leeuwen Ice Cream,40.753366,-74.001127,Ice Cream Shop,5c8bea5bf193c0002c295f52,16
Rego Park,40.72897409480735,-73.8578268690537,Avellino Ristorante & Pizzeria,40.72976798666398,-73.86045074006529,Italian Restaurant,4c50f9ae9d642d7f357fc6dc,28
Marble Hill,40.87655077879964,-73.91065965862981,Starbucks,40.87753134921497,-73.90558216359267,Coffee Shop,55f81cd2498ee903149fcc64,24
Gravesend,40.59526001306593,-73.97347087708445,Dunkin',40.5967856544418,-73.97668602729746,Donut Shop,4bca3b143740b71329646065,15
Ditmas Park,40.643675183340974,-73.96101312466779,T-Mobile,40.645215798571435,-73.95830727648905,Mobile Phone Shop,519e3af5498ec0e0ee15e993,1
Rosebank,40.61530494652761,-74.06980526716141,Dunkin',40.61534353215069,-74.06657233185527,Donut Shop,4b926617f964a520c6f633e3,14
Williamsburg,40.70714439344251,-73.95811529220927,Konditori,40.708614,-73.957906,Coffee Shop,5d8663bddfbfcc0007278c66,0
Bushwick,40.69811611017901,-73.92525797487045,The Wheelhouse,40.69999698442769,-73.92440070116781,Sandwich Place,534d916e498e45d9c44e6d0a,132
Maspeth,40.725427374093606,-73.89621713626859,Chase Bank,40.724055349110444,-73.898403042477,Bank,4c5960e64ed9ef3b97b8d96d,2
Gramercy,40.737209832715,-73.98137594833541,Citizens of Gramercy,40.73663660003647,-73.98176174141058,Coffee Shop,5b44c582d8096e002ccd329a,42
Grasmere,40.59826835959991,-74.0766743627905,Carvel Ice Cream,40.5986992497231,-74.07961729631474,Ice Cream Shop,4ccddf5bc0378cfa73459048,13
Bedford Park,40.870185164975325,-73.8855121841913,Bedford Cafe Restaurant,40.87341387211989,-73.88919548256142,Diner,4baedf9ff964a520c0de3be3,37
Maspeth,40.725427374093606,-73.89621713626859,Fame Diner,40.72720304445241,-73.89334857203721,Diner,4b76ddd8f964a52075652ee3,43
Howard Beach,40.65422527738487,-73.8381376460028,Roma View Catering,40.657220178842806,-73.83909163427153,Italian Restaurant,4ba148f5f964a5201da937e3,18
Howard Beach,40.65422527738487,-73.8381376460028,Mmm That's A Wrap,40.65219634769242,-73.83855358292841,Sandwich Place,4bbdff59593fef3b5e200456,4
Arverne,40.58914394372971,-73.79199233136943,Dunkin',40.5906565,-73.7972393,Donut Shop,511a95cee4b0392b2a272df7,28
Midtown,40.75469110270623,-73.98166882730304,Park Italian Gourmet,40.75667784618427,-73.98194763998217,Deli / Bodega,4afc4d5ef964a520532122e3,61
Maspeth,40.725427374093606,-73.89621713626859,Verizon Wireless,40.72683772953261,-73.89387927068252,Mobile Phone Shop,4e0ba1bf7d8b2313a124c4c1,0
Rochdale,40.67521139591733,-73.77258787620906,"MTA Q111, Q113, QM21 (Guy Brewer Blvd/137 Ave)",40.672047721002464,-73.7745460063883,Bus Station,4d38951f0a288cfa78bb813c,0
Prospect Heights,40.676822262254724,-73.9648592426269,Nacho Macho Taco,40.676486203952564,-73.96277461950449,Mexican Restaurant,54d407db498eca36438fc5d3,45
Parkchester,40.837937822267286,-73.85600310535783,Golden Krust Caribbean Restaurant,40.83617444841861,-73.86101282187846,Caribbean Restaurant,4b919003f964a520d4c533e3,11
Georgetown,40.62384524478419,-73.91607483951324,Chipotle Mexican Grill,40.62640516930416,-73.91697560324246,Mexican Restaurant,5c26849c64c8e1003979056d,2
Concourse Village,40.824780490842905,-73.91584652759009,Pepe Joes,40.82083770984901,-73.91752251542624,Pizza Place,4c938c5103413704998a69ef,4
Chinatown,40.71561842231432,-73.99427936255978,Sam's Fried Ice Cream,40.715814082261154,-73.99145645060749,Ice Cream Shop,58f25962c5b11c7b5a2192de,33
Bedford Stuyvesant,40.687231607720456,-73.94178488690297,Bar Camillo,40.686523,-73.944379,Italian Restaurant,5e4567fa2eafa100085e9ec3,8
Manhattan Beach,40.57791350308657,-73.94353722891886,Panini Tozt Cafe,40.578679,-73.938244,Café,527a868011d2f9c72b55a453,4
Homecrest,40.598525095137255,-73.95918459428702,Season Restaurant,40.598781014171685,-73.9574614351032,Chinese Restaurant,514645bae4b0238f38bcdbac,9
Windsor Terrace,40.65694583575104,-73.98007340430172,Terrace Coffee Shop,40.65458880590596,-73.97920811893258,Diner,4cfc0ea52d80a1436b0c4fd8,22
Great Kills,40.549480228713605,-74.14932381490992,Talk Of the Town,40.551301496762385,-74.15053003112754,Bar,4c6b533ba48420a1cbfd090b,4
Rego Park,40.72897409480735,-73.8578268690537,Subway,40.72997254620758,-73.8629303994278,Sandwich Place,4cd98dea1647a0939d9be74c,8
Borough Park,40.633130512758015,-73.99049823044811,Deli 52,40.633637,-73.99397900000001,Deli / Bodega,4bf0946b21072d7f032b208b,5
Marble Hill,40.87655077879964,-73.91065965862981,TD Bank,40.8794958,-73.9092856,Bank,4ec68016cc21b428e1d2060a,4
Howard Beach,40.65422527738487,-73.8381376460028,Cross Bay Diner,40.656601500221555,-73.83896451505065,Diner,4c13b49f7f7f2d7f747edf68,88
Middle Village,40.716414511158185,-73.88114319200604,Carlo's Pizzeria,40.712853,-73.878169,Pizza Place,4b16fb1bf964a52077c023e3,28
Bushwick,40.69811611017901,-73.92525797487045,Knickerbocker Bagel,40.70055126991167,-73.9213918240281,Bagel Shop,594a997fd48ec17dba25d273,64
Homecrest,40.598525095137255,-73.95918459428702,Wing Hing Seafood Restaurant,40.59850944116727,-73.95957022162729,Chinese Restaurant,4d28b924ebacb1f72efbf34f,25
Manhattanville,40.8169344294978,-73.9573853935188,Bettolona,40.81408384945623,-73.95957422392542,Italian Restaurant,4c956003f7cfa1cd2e2ebd15,90
Queensboro Hill,40.7445723092867,-73.82580915110559,MTA - Q44/Q20 Bus Stop,40.741620079738446,-73.82520122661553,Bus Station,4cbedb7a575d236a182dbb8e,0
Washington Heights,40.85190252555305,-73.93690027985234,Baskin-Robbins,40.85044405488296,-73.9373276411219,Ice Cream Shop,4f997b58d4f21823bb1f5394,2
Tudor City,40.746917410740195,-73.97121928722265,Tudor City Park South,40.74876578594654,-73.97077529524509,Park,4bed4f58e3562d7f8fc9fef8,38
Manhattan Valley,40.797307041702865,-73.96428617740655,Freda's Caribbean & Soul Cuisine,40.801077183209756,-73.96155227099436,Caribbean Restaurant,4bb2a2af4019a593ea2437b8,56
Bayswater,40.611321691283834,-73.76596781445627,Westbourne Playground,40.60844517667005,-73.76448006599405,Playground,4dcdba448877851243e6347f,2
Fordham,40.86099679638654,-73.89642655981623,Chase Bank,40.86211163974708,-73.89808841049671,Bank,4c08eddf6071a59316f4dc32,2
Morris Park,40.847549063536334,-73.85040178030421,24 Hour Store,40.850322,-73.851568,Deli / Bodega,4bba8c6f935e95215a522890,1
Middle Village,40.716414511158185,-73.88114319200604,Juniper Valley Park Playground South,40.7185041980999,-73.88265227890128,Playground,4bb65aab2ea195215a8aab2f,17
Clason Point,40.80655112003589,-73.85414416189266,Harding Park/Water Front,40.805825750551904,-73.85786298398283,Park,4d86466a5ad3a093e9f8f5fd,3
Randall Manor,40.63563000681151,-74.09805062373887,Goodhue Park,40.63535248790654,-74.09310579299927,Park,4d9b9567e115721e5e353b0b,2
Claremont Village,40.83142834161548,-73.90119903387667,Food Bazaar Supermarket,40.8352354547571,-73.90226074832353,Grocery Store,4bed7ff2e3562d7fe716fff8,8
Greenridge,40.555295236173194,-74.17079414786092,Dazzle Gourmet Bagels,40.55846,-74.168944,Bagel Shop,4ccd8e35ba0a548164024459,2
Gramercy,40.737209832715,-73.98137594833541,Think Coffee,40.738156312933405,-73.98374210961263,Coffee Shop,580226bb38fae0dde3f6bd9a,132
Grasmere,40.59826835959991,-74.0766743627905,Delfini,40.59885,-74.079235,Grocery Store,4c753aab3adda14370a906af,0
New Dorp Beach,40.56425549307335,-74.10432707469124,DiSara,40.562948999999996,-74.102795,Italian Restaurant,4d93fbaf8deb8cfa1ec436c0,3
Maspeth,40.725427374093606,-73.89621713626859,CVS pharmacy,40.72716120053256,-73.89275014400482,Pharmacy,4d8b9d050c4e41bde055667f,17
Eltingville,40.542230747450745,-74.1643308041936,Sal's And Lloyd's Pizza,40.543881,-74.16520200000001,Pizza Place,4dbed2500437955ec06e40a0,2
Rugby,40.655572313280764,-73.92688212616955,Subway,40.65223280787367,-73.92905927116396,Sandwich Place,4be6247a9026ef3bcbcf0a38,2
New Lots,40.6627442796966,-73.88511776379292,MTA Bus - B15 Bus Stop,40.66627779751987,-73.8838968633744,Bus Station,4c7d76e58da18cfa01789fce,2
East Village,40.727846777270244,-73.98222616506416,Westville East,40.7284276229589,-73.98189363635092,American Restaurant,4758483af964a520cc4c1fe3,316
Marble Hill,40.87655077879964,-73.91065965862981,Blink Fitness,40.877271495944626,-73.90559491338075,Gym,55f751ca498eacc0307d1cfe,32
Homecrest,40.598525095137255,-73.95918459428702,Subway,40.596282,-73.961507,Sandwich Place,56228cdd498e3dc5e84fcd15,0
Bedford Stuyvesant,40.687231607720456,-73.94178488690297,Rocco Pizza III,40.6828787727279,-73.94075667876076,Pizza Place,4ecc3ea22c5b26aab86608f8,12
Bedford Park,40.870185164975325,-73.8855121841913,SUBWAY,40.867227,-73.88412199999999,Sandwich Place,4dd0477a8877851244255244,3
Hudson Yards,40.75665808227519,-74.00011136202637,Oslo Coffee Roasters,40.760512,-73.998985,Coffee Shop,5c683caaf96b2c00397a8609,10
Annadale,40.53811417474507,-74.17854866165878,Trio pizzeria,40.541478,-74.178428,Pizza Place,4ce9b5ffbaa6a1cd1d59356c,1
Mount Hope,40.84884160724665,-73.90829930881988,T-Mobile,40.847518,-73.908626,Mobile Phone Shop,4c9b7d77eaa5a1439463d5e4,0
Ozone Park,40.680708468265415,-73.84320266173447,Walgreens,40.680106,-73.842245,Pharmacy,5c9f255b838e59002c90d964,0
Gravesend,40.59526001306593,-73.97347087708445,Papa John's Pizza,40.596748555126595,-73.97705042270184,Pizza Place,511d482fe4b05556318cae27,1
Lincoln Square,40.77352888942166,-73.98533777001262,Damrosch Park,40.77217703584033,-73.98508910271165,Park,4b8ef0c3f964a520fd3f33e3,91
Greenwich Village,40.72693288536128,-73.99991402945902,Tomoe Sushi,40.727743080016886,-74.0002670334584,Sushi Restaurant,3fd66200f964a5200eea1ee3,546
New Dorp,40.57257231820632,-74.1164794360638,Brioso,40.57305217331347,-74.1147890387532,Italian Restaurant,4be61580d4f7c9b6fe662620,22
Arverne,40.58914394372971,-73.79199233136943,Boardwalk Pizza,40.59068874773115,-73.79716148096921,Pizza Place,516d9799e4b04a6c2cec40f0,18
Ditmas Park,40.643675183340974,-73.96101312466779,Island Express,40.647084,-73.958276,Caribbean Restaurant,57597fd8498e2922f0ff1b22,28
Castleton Corners,40.61333593766742,-74.11918058534842,TD Bank,40.61269928552784,-74.12422070152161,Bank,4b60ad00f964a52084f329e3,10
Concourse Village,40.824780490842905,-73.91584652759009,Bx 41 Bus Stop,40.82398891644905,-73.91412376026875,Bus Station,4e50fedad22daf51d28b3486,0
Central Harlem,40.81597606742414,-73.94321112603905,The Edge Harlem,40.819691575695686,-73.94607292237941,American Restaurant,541c683e498ef421d4e16eb3,197
Astoria Heights,40.7703173929982,-73.89467996270574,Antonio's Kitchen,40.76815378448427,-73.89468417375875,Italian Restaurant,4f048814f9ab88b0c268dda3,15
Fordham,40.86099679638654,-73.89642655981623,Chase Bank,40.862385050287266,-73.8954977042874,Bank,4fb533867beb65c72e11e46b,1
Central Harlem,40.81597606742414,-73.94321112603905,Lt Joseph P Kennedy Jr Community Center Gym,40.81260785559189,-73.93969908127347,Gym,4d042ad28620224ba18ca740,13
Fordham,40.86099679638654,-73.89642655981623,Lucille Roberts,40.8621123,-73.8998182,Gym,4d94c27b0d7ed7cea8ddfb46,14
Bedford Stuyvesant,40.687231607720456,-73.94178488690297,Bravi Ragazzi,40.685203,-73.938775,Pizza Place,58bad1af45c3ed4ca99f97f9,21
East Elmhurst,40.76407323883091,-73.86704147658772,Starbucks,40.76850483755989,-73.86790170363254,Coffee Shop,4c951ab494a0236a10159312,1
Hamilton Heights,40.823604284811935,-73.94968791883366,Fumo,40.821411987945496,-73.95049884872275,Italian Restaurant,56d8e01d498ef1500ae7fbfe,107
Ozone Park,40.680708468265415,-73.84320266173447,CVS pharmacy,40.6811774237265,-73.84173040910325,Pharmacy,4c2635c6a852c928732be66c,7
Pomonok,40.73493618075478,-73.80486120040537,Electric Playground,40.735492391235745,-73.8070155458945,Playground,4f982e96e4b022df5dfbb1e9,3
Rego Park,40.72897409480735,-73.8578268690537,Fruit Ranch,40.72664512369095,-73.85344044925777,Grocery Store,4ac8c240f964a5207bbc20e3,7
Red Hook,40.676253230250886,-74.0127589747356,Court Street Grocers Hero Shop,40.678517091762714,-74.01319327325024,Sandwich Place,51e5766c454ace0791feee38,36
Forest Hills Gardens,40.7146110815117,-73.8410221123401,Dunkin',40.71789931906625,-73.84012102627896,Donut Shop,54bd13e4498e9ede49ec2e69,12
Belmont,40.85727710073895,-73.88845196134804,Enzo's,40.854354554251444,-73.88864359312625,Italian Restaurant,4b5514c4f964a5207cda27e3,44
Central Harlem,40.81597606742414,-73.94321112603905,Pizza Stop,40.815080098326085,-73.94004044021452,Pizza Place,4e52a4b988775123c0ebc126,16
Woodrow,40.541967622888755,-74.20524582480326,Pio Bagels,40.54272732228762,-74.20682013542655,Bagel Shop,4c63deb2fa7bc928058b1127,2
Belmont,40.85727710073895,-73.88845196134804,Pugsley Pizza,40.8588177574385,-73.88480770171738,Pizza Place,4b2a6ba8f964a520d9a824e3,58
Utopia,40.73350025429757,-73.79671678028349,Fu Long Deli & Grocery,40.73293437109286,-73.79453762618024,Deli / Bodega,4bc75f7c2f94d13a77cc117f,2
Kingsbridge,40.88168737120521,-73.90281798724604,El Malecon,40.87933806746814,-73.90445707056641,Caribbean Restaurant,4bd8e98811dcc928f865f833,62
Upper East Side,40.775638573301805,-73.96050763135,Sant Ambroeus,40.77532770471081,-73.96281878358091,Italian Restaurant,4a22d7f9f964a520977d1fe3,320
New Dorp Beach,40.56425549307335,-74.10432707469124,Harvest Cafe,40.565888,-74.101095,Diner,4e283f8bb0fba988bb69a49a,6
Prospect Heights,40.676822262254724,-73.9648592426269,The Islands,40.67703587674722,-73.96356321538423,Caribbean Restaurant,5a4d750e3fcee83d3f3ce36c,60
Rego Park,40.72897409480735,-73.8578268690537,Tasty & Co,40.72933398688946,-73.86295628417427,Chinese Restaurant,4edac00e0aaf49e02a0e2f73,14
Upper East Side,40.775638573301805,-73.96050763135,Bottle & Soul,40.77651844515788,-73.95777813061173,Wine Shop,4bf5ab5c4d5f20a1b9e297fe,15
Concourse Village,40.824780490842905,-73.91584652759009,Chipotle Mexican Grill,40.8258905,-73.9195343,Mexican Restaurant,58d3f7f79435a92450b97b0d,3
Great Kills,40.549480228713605,-74.14932381490992,La Iguana Azul,40.551041999999995,-74.150468,Mexican Restaurant,50b67aa1e4b060c7924d8e98,4
Grasmere,40.59826835959991,-74.0766743627905,Shop And Save Superette,40.598264,-74.081779,Deli / Bodega,4e42af4788771919396ba833,1
Kingsbridge,40.88168737120521,-73.90281798724604,Estrellita Poblana V,40.879687039717524,-73.906256832975,Mexican Restaurant,5217dd2811d2d06ccafb77d3,24
Mount Eden,40.84382617671654,-73.91655551964419,Rite Aid,40.841898,-73.911928,Pharmacy,4be84ea0d837c9b61829a506,2
New Lots,40.6627442796966,-73.88511776379292,Lee Chinese Restaraunt,40.660728454589844,-73.88493347167969,Chinese Restaurant,5090507fe4b095c5d7dab120,0
Claremont Village,40.83142834161548,-73.90119903387667,Sing Sing Kitchen,40.830332868289354,-73.90140086637322,Chinese Restaurant,4c2bc4c8b34ad13a9c50eace,0
West Village,40.73443393572434,-74.00617998126812,Oslo Coffee Roasters,40.733862641620995,-74.0055236533668,Coffee Shop,5b8c24546dcf04002c9c673c,26
Williamsburg,40.70714439344251,-73.95811529220927,Subway,40.7072481,-73.9619736,Sandwich Place,4d3312b88c42a1cd45a5ee5d,0
Windsor Terrace,40.65694583575104,-73.98007340430172,Seeley Park,40.65342028198995,-73.97781831525518,Park,51f4252a498ebf4122f42ee7,6
Tudor City,40.746917410740195,-73.97121928722265,Pleroma,40.74928723650227,-73.97275703380559,Deli / Bodega,5b55d92bb5cb76002c7a013c,9
Rego Park,40.72897409480735,-73.8578268690537,Baskin-Robbins,40.730005398129144,-73.86296551111617,Ice Cream Shop,4f91bdaa7beb818efa8846ea,1
Manhattanville,40.8169344294978,-73.9573853935188,Baskin-Robbins,40.813766485473444,-73.95632703209479,Ice Cream Shop,4e4e4526bd4101d0d7a6774c,1
Eltingville,40.542230747450745,-74.1643308041936,YMCA,40.54245303385158,-74.16304289619244,Gym,4b40ab2cf964a520b9b925e3,32
Bedford Stuyvesant,40.687231607720456,-73.94178488690297,Herbert Von King Park,40.68951409686509,-73.9465069770813,Park,4bbb7f95e45295219ac354a4,53
Grasmere,40.59826835959991,-74.0766743627905,Pauls pizza and pasta,40.59824752807617,-74.07231903076172,Pizza Place,4d6eae912427224ba1fed04d,0
Maspeth,40.725427374093606,-73.89621713626859,Whitefish Triangle Park,40.7265168428421,-73.9017516374588,Park,4c202464bd9d95211567983f,0
Queensboro Hill,40.7445723092867,-73.82580915110559,Yeh's Bakery 紅葉,40.74571425282124,-73.8259117918444,Bakery,4b65cec8f964a520fe002be3,35
St. Albans,40.69444538522359,-73.75867603727717,Panda Chinese Restaurant,40.693559321613336,-73.7555283081094,Chinese Restaurant,4e4e3d94bd4101d0d7a5b3ee,0
Annadale,40.53811417474507,-74.17854866165878,Mangia! Healthy Kitchen,40.541178,-74.17825,American Restaurant,55512ec2498ee3c3e6154d73,1
Bedford Stuyvesant,40.687231607720456,-73.94178488690297,Bed-Vyne Wine & Spirits,40.68466774354961,-73.94436315673876,Wine Shop,4e9dece66da163facd9153d9,58
Bedford Park,40.870185164975325,-73.8855121841913,Wai Kang Kitchen Chinese Food,40.8726151696897,-73.88842540381232,Chinese Restaurant,4d081644e554721e5423c0f8,2
Rosebank,40.61530494652761,-74.06980526716141,Baskin-Robbins,40.61534053110789,-74.06655349092618,Ice Cream Shop,4bd09a3d77b29c7452168b82,2
Belmont,40.85727710073895,-73.88845196134804,Full Moon Pizzeria,40.855505712207126,-73.88755698445503,Pizza Place,4aee1220f964a520ced121e3,121
Central Harlem,40.81597606742414,-73.94321112603905,Chase Bank,40.816383216192484,-73.94700184464455,Bank,4fb533887beb65c72e11e697,2
Gravesend,40.59526001306593,-73.97347087708445,Sam's Deli,40.596784,-73.973562,Deli / Bodega,4d1ac055eab1224bb2eacce2,0
Borough Park,40.633130512758015,-73.99049823044811,Chase Bank,40.635845,-73.991701,Bank,4c095866009a0f47029ce7bf,4
New Lots,40.6627442796966,-73.88511776379292,Caterina Pizza,40.66638294169508,-73.88333574100211,Pizza Place,4ced8066dab3a09086f68fc0,7
Hamilton Heights,40.823604284811935,-73.94968791883366,Nadal's Deli,40.821389463727066,-73.95446616668374,Sandwich Place,4b6617f7f964a5204d132be3,35
Bedford Park,40.870185164975325,-73.8855121841913,Bedford Pizza,40.867731972856994,-73.88408353719713,Pizza Place,53ab09df498e91a454e6d3a5,0
Prospect Heights,40.676822262254724,-73.9648592426269,Sit & Wonder,40.67735699650139,-73.96386086940765,Coffee Shop,4a2407e6f964a520ef7d1fe3,113
Midtown,40.75469110270623,-73.98166882730304,Blue Bottle Coffee,40.753027,-73.98414,Coffee Shop,54566365498e4fb5ed4fe987,736
Sheepshead Bay,40.58689012678384,-73.94318640482979,Roll N Roaster,40.584143455001524,-73.93955540497697,Sandwich Place,4606214ef964a520c6441fe3,171
Longwood,40.81509904545822,-73.8957882009446,MATECAÑA,40.81684494018555,-73.9010009765625,Deli / Bodega,5367ce7b498e406231dd94c6,0
Fordham,40.86099679638654,-73.89642655981623,Subway,40.860730521039756,-73.8975280415516,Sandwich Place,4d9b7ad0cbc96ea840beec25,2
Ditmas Park,40.643675183340974,-73.96101312466779,Cortelyou Market by Key Food,40.64167118261627,-73.9632217280528,Grocery Store,4b70a3e1f964a520fd262de3,7
Concourse Village,40.824780490842905,-73.91584652759009,SUBWAY,40.82563400268555,-73.91966247558594,Sandwich Place,4bec31ceb3352d7fe45d57d2,0
Manhattan Valley,40.797307041702865,-73.96428617740655,Peaky Barista,40.798568,-73.968577,Coffee Shop,5d864371ebc5f80008c24794,5
New Lots,40.6627442796966,-73.88511776379292,Junior's,40.66290507068286,-73.89050881283734,Grocery Store,4d113a45c5556dcbf691c790,3
Red Hook,40.676253230250886,-74.0127589747356,Ample Hills Creamery,40.67495916123112,-74.01552619336123,Ice Cream Shop,5b3d0433ccad6b00387d9c79,83
Ozone Park,40.680708468265415,-73.84320266173447,SUBWAY,40.68141193058057,-73.84696191748456,Sandwich Place,4cfc0ec5d8468cfae737f86b,4
Morris Park,40.847549063536334,-73.85040178030421,Dunkin',40.84933954649106,-73.85304726792198,Donut Shop,4ba61afcf964a520f03339e3,19
Hamilton Heights,40.823604284811935,-73.94968791883366,Wat’s On Your Plate,40.82563202528236,-73.94849438992527,Caribbean Restaurant,4eb32c34e5fa17fc85cc483f,25
Gravesend,40.59526001306593,-73.97347087708445,Joe's of Avenue U,40.596970812269824,-73.9736772701698,Italian Restaurant,4ad8c329f964a520731421e3,35
Parkchester,40.837937822267286,-73.85600310535783,Sabor Latino Seafood Restaurant,40.83636550185743,-73.85303360278897,Chinese Restaurant,4b89b62df964a520ff4c32e3,5
Belmont,40.85727710073895,-73.88845196134804,Pete's Cafe,40.85872432295452,-73.88610473691408,Diner,4b10939ff964a520267323e3,10
East Village,40.727846777270244,-73.98222616506416,Mikey Likes It Ice Cream,40.729283,-73.981228,Ice Cream Shop,537803a0498ef1607aafd28b,240
Rego Park,40.72897409480735,-73.8578268690537,Fu Ying Chinese Restaurant,40.72984687158281,-73.8609542558891,Chinese Restaurant,4c8aa1b63dc2a1cd0ca9ae32,8
Ditmas Park,40.643675183340974,-73.96101312466779,SUBWAY,40.643754,-73.958119,Sandwich Place,4deeb5b51f6e6d35416ff1f9,2
Great Kills,40.549480228713605,-74.14932381490992,CVS pharmacy,40.54964030713777,-74.15218023493915,Pharmacy,4bcf99b441b9ef3b5ad2f8e5,10
Homecrest,40.598525095137255,-73.95918459428702,Capital One Bank,40.599143,-73.955723,Bank,4d201dcdc03c5941ac2148cc,0
New Lots,40.6627442796966,-73.88511776379292,City Fresh Market,40.65945816040039,-73.88428497314453,Grocery Store,5c92e324fd16bb002c495261,0
Hunts Point,40.80972987938709,-73.88331505955291,Chase Bank,40.810907,-73.883265,Bank,4cd0626c2fd9b60c3b0c81eb,0
Greenridge,40.555295236173194,-74.17079414786092,Pronto Pizza,40.55848861442931,-74.16919151896585,Pizza Place,4c15013882a3c9b65c0dfef8,3
Williamsburg,40.70714439344251,-73.95811529220927,Dough Vale,40.709306,-73.954056,Italian Restaurant,5cdf51a01f74400039a39cdf,12
Middle Village,40.716414511158185,-73.88114319200604,Baskin-Robbins,40.713260650634766,-73.8770751953125,Ice Cream Shop,4f91bda77beb818efa884587,0
Prospect Lefferts Gardens,40.658420017469815,-73.95489867077713,Salem's Hour,40.66064409489931,-73.95064813148792,Café,58028f8cd67c0471adf82c7e,21
New Dorp,40.57257231820632,-74.1164794360638,Crown Palace,40.572839920244384,-74.11430191648847,Chinese Restaurant,4c14210c7f7f2d7fae69e068,9
Concourse Village,40.824780490842905,-73.91584652759009,The Corner Store,40.823700818620296,-73.9142106075376,Deli / Bodega,4e5066131495fc2ca40dec52,1
East Village,40.727846777270244,-73.98222616506416,Ninth Street Espresso,40.72707176407598,-73.98010700941086,Coffee Shop,49d36ca4f964a520f75b1fe3,141
Morris Park,40.847549063536334,-73.85040178030421,Emilio's Pizza,40.848934633803005,-73.85457970598979,Pizza Place,4b2035e6f964a520bc2e24e3,43
Belmont,40.85727710073895,-73.88845196134804,Zero Otto Nove,40.85471353015844,-73.88838751470229,Pizza Place,4aabd3e6f964a5204a5a20e3,89
South Ozone Park,40.66854957767195,-73.80986478649041,The Great American Grill Bar,40.66584667040741,-73.8062304873794,Bar,4d8d4ab83bfef04d073d7e86,1
Pomonok,40.73493618075478,-73.80486120040537,Fillmore's Tavern,40.73655169484346,-73.80280137227783,Bar,4c1fde22eac020a1f4bd4bc2,41
Borough Park,40.633130512758015,-73.99049823044811,1982 Coffee Roasters,40.631909,-73.994964,Coffee Shop,55ef5340498eb1fd97754344,12
Parkchester,40.837937822267286,-73.85600310535783,Jerry's Pizza,40.83587881991851,-73.8556310850081,Pizza Place,4c9eb295ca44236a2aac2d99,10
Woodrow,40.541967622888755,-74.20524582480326,Sunset Pizzeria,40.542778000000006,-74.20780699999999,Pizza Place,4c3f96a2cc410f47af69a861,2
Homecrest,40.598525095137255,-73.95918459428702,Chase Bank,40.5989394,-73.9537453,Bank,4b69d1e5f964a52038b62be3,6
Manhattanville,40.8169344294978,-73.9573853935188,Kuro Kuma,40.81389238492917,-73.96002657140916,Coffee Shop,4fef2f45e4b0562c835d6b7c,52
Windsor Terrace,40.65694583575104,-73.98007340430172,Thomas J. Cuite Park,40.6543385013301,-73.97875591953687,Park,4bdcb78b3904a593486d4f9e,6
Lighthouse Hill,40.57650629379489,-74.13792663771568,Casa verde,40.573267,-74.136584,Italian Restaurant,5079ccdce4b065f1dd8155ad,8
Bensonhurst,40.61100890202044,-73.99517998380729,Il Fornaretto Bakery,40.613940136924604,-73.99935895452214,Bakery,4b972c7cf964a52008fb34e3,9
Eltingville,40.542230747450745,-74.1643308041936,The Richmond Diner,40.541751096792815,-74.16302641268145,Diner,4d2cb8b7679e6dcb7b76a895,6
West Village,40.73443393572434,-74.00617998126812,I Sodi,40.733347779050895,-74.00494719308303,Italian Restaurant,49bd2326f964a5204d541fe3,263
Mount Eden,40.84382617671654,-73.91655551964419,Fine Fare Supermarket,40.84606066933297,-73.91772345348363,Grocery Store,4d139e019844b60c0f3ec4d4,0
Prospect Heights,40.676822262254724,-73.9648592426269,Ogliastro Pizza Bar,40.67442512423628,-73.96314365870649,Pizza Place,53dee1c1498e413b470391f6,47
Forest Hills Gardens,40.7146110815117,-73.8410221123401,Rite Aid,40.718438,-73.838177,Pharmacy,4b6c92d1f964a52014442ce3,8
Prospect Lefferts Gardens,40.658420017469815,-73.95489867077713,Culpepper's,40.660418732401496,-73.95255326575268,Caribbean Restaurant,4bd3475c046076b084a97571,20
Rosebank,40.61530494652761,-74.06980526716141,Bagels By The Bay,40.61318854412634,-74.06546253446491,Bagel Shop,4bed4bdd9868a593ed245d46,7
West Village,40.73443393572434,-74.00617998126812,L'Artusi,40.733887817554255,-74.00511448337453,Italian Restaurant,4a27289cf964a52062911fe3,448
West Village,40.73443393572434,-74.00617998126812,Decoy,40.734181587313365,-74.00646239519119,Chinese Restaurant,526eeb54498e9674b5d9034a,336
Woodrow,40.541967622888755,-74.20524582480326,QDOBA Mexican Eats,40.542108,-74.207452,Mexican Restaurant,58ca4ef615fb435cb5b8b9d0,2
Windsor Terrace,40.65694583575104,-73.98007340430172,Windsor Farms Market,40.65672921765033,-73.97758629002944,Grocery Store,55aab7d6498e24734d3095dd,20
Rego Park,40.72897409480735,-73.8578268690537,Paris Baguette,40.73013621565319,-73.86157994325103,Bakery,58a223ad01f07763d106022f,15
Tudor City,40.746917410740195,-73.97121928722265,Sushi Ryusei,40.748354,-73.97520300000001,Sushi Restaurant,5b88b22f16ef67002ce49afe,25
Homecrest,40.598525095137255,-73.95918459428702,TD Bank,40.59871668530529,-73.95525165282834,Bank,4c49c9469e3e2d7f66fc3f49,3
Belmont,40.85727710073895,-73.88845196134804,Antonio's Trattoria,40.854082862115455,-73.88661644989108,Italian Restaurant,4af0fa29f964a52060e021e3,47
Bushwick,40.69811611017901,-73.92525797487045,Brooklyn Kava,40.70039841380254,-73.92551762093899,Coffee Shop,56b8c8aa498e095e6ff4b065,46
Rego Park,40.72897409480735,-73.8578268690537,Tower Diner,40.72761060121135,-73.8548801452468,Diner,4ae342acf964a5207e9221e3,86
West Village,40.73443393572434,-74.00617998126812,Anton's,40.735694,-74.00579,Italian Restaurant,4f324b8b19836c91c7c99bf0,17
West Farms,40.83947505672653,-73.87774474910545,Prospect Coffee Shop,40.83757698149015,-73.88083923833605,Coffee Shop,4baa3cfff964a52081563ae3,0
Howard Beach,40.65422527738487,-73.8381376460028,Carvel Ice Cream,40.65211980363723,-73.83843735297202,Ice Cream Shop,4b6e1dabf964a520a3ab2ce3,9
Upper East Side,40.775638573301805,-73.96050763135,Lady M Cake Boutique,40.7756192,-73.9621861,Bakery,4ae37940f964a520869521e3,406
Central Harlem,40.81597606742414,-73.94321112603905,Belle Harlem,40.81689,-73.94268,American Restaurant,57f9286fcd10f93045e82291,18
Melrose,40.819754370594936,-73.90942160757436,Subway,40.820287044301864,-73.91275633510156,Sandwich Place,4c3494f23896e21e57bfeb90,0
Melrose,40.819754370594936,-73.90942160757436,Subway,40.823119,-73.910767,Sandwich Place,4e4ce4d1bd413c4cc66d0562,1
Woodrow,40.541967622888755,-74.20524582480326,Starbucks,40.54215338058496,-74.2070673400222,Coffee Shop,58276af2abffa17aebea675d,12
Bellerose,40.72857318176675,-73.72012814826903,Dunkin',40.72506533877906,-73.72286748159729,Donut Shop,4bede2542c082d7fbbab2f42,13
South Ozone Park,40.66854957767195,-73.80986478649041,Back Streets Park (Officer Edward Byrn Park),40.66784601144057,-73.80645260182763,Park,4e05f3e0483b98d41706b4f6,0
Upper East Side,40.775638573301805,-73.96050763135,Sushi Noz,40.773786,-73.958118,Sushi Restaurant,5a8c6e6fb6b04b2d4e648ccb,23
Bedford Park,40.870185164975325,-73.8855121841913,National Restaurant & Coffee,40.87300715055455,-73.88908200028848,Diner,4b78a508f964a520b4db2ee3,17
Marble Hill,40.87655077879964,-73.91065965862981,Tibbett Diner,40.8804044222466,-73.90893738006402,Diner,4b79cc46f964a520c5122fe3,47
Eltingville,40.542230747450745,-74.1643308041936,Uncle Louie G's Italian Ices & Ice Cream,40.54420471191406,-74.16497039794922,Ice Cream Shop,4fc95fa4e4b0046ffa7fb9e1,0
Wakefield,40.89470517661,-73.84720052054902,Cooler Runnings Jamaican Restaurant,40.898083,-73.850259,Caribbean Restaurant,508af256e4b0578944c87392,7
Bushwick,40.69811611017901,-73.92525797487045,Carmenta’s,40.701320324636875,-73.92678265951356,Italian Restaurant,5a98aed16a59506d7a60d67c,62
Bellerose,40.72857318176675,-73.72012814826903,Hi-Class Pizza,40.725229290112445,-73.72155835335496,Pizza Place,4baf9568f964a5201c0d3ce3,8
Queensboro Hill,40.7445723092867,-73.82580915110559,Lake Pavilion Restaurant,40.74262183933804,-73.82497019158409,Chinese Restaurant,4f844c6fe4b0059705cb042c,119
Hudson Yards,40.75665808227519,-74.00011136202637,Pier 61,40.759418978986595,-74.00337295179452,Park,4ba518b0f964a520aadc38e3,3
West Farms,40.83947505672653,-73.87774474910545,MTA Bus - BxM10 Express at Morris Park Avenue & East 180th Street (First / Last Stop in Bronx),40.841029342464466,-73.87284894936218,Bus Station,4f3cdeaaa17c8a4ed1dc1303,0
Midtown,40.75469110270623,-73.98166882730304,Upper Terrace - Bryant Park,40.75351532515499,-73.98313522338867,Park,4e5fdef6b3ad629a3a2b54c0,14
Morris Park,40.847549063536334,-73.85040178030421,Enricos Pastry Shop,40.84901111344497,-73.85430399451602,Bakery,4f3218fd19836c91c7b59476,4
Prospect Heights,40.676822262254724,-73.9648592426269,Ample Hills Creamery,40.678546994225385,-73.9684545270517,Ice Cream Shop,4dc16497d16455f8322791bb,588
Hudson Yards,40.75665808227519,-74.00011136202637,Odyssey Wine & Spirits,40.75691333878634,-73.99756465578261,Wine Shop,4eea70afaa1f7c781131129c,11
Randall Manor,40.63563000681151,-74.09805062373887,I.S 61,40.634163816916335,-74.09814996517714,Playground,4bd18ab8046076b02cf17171,2
Melrose,40.819754370594936,-73.90942160757436,Pizza Hut,40.816248,-73.910317,Pizza Place,51748ddce4b01c0ba7cc5d01,4
Bushwick,40.69811611017901,-73.92525797487045,El Kucho,40.70066882510277,-73.92564108956802,Mexican Restaurant,54a5a765498e6b7e2ce128c8,40
Hunts Point,40.80972987938709,-73.88331505955291,City Produce (Gristedes Supermarkets Warehouse),40.808241,-73.881128,Grocery Store,4c972e13f7cfa1cda314cc15,0
Concourse Village,40.824780490842905,-73.91584652759009,Subway,40.823119,-73.910767,Sandwich Place,4e4ce4d1bd413c4cc66d0562,1
Rego Park,40.72897409480735,-73.8578268690537,Rego Bagels,40.72960265150517,-73.86263640477898,Bagel Shop,4f10acbae4b0804e898373cb,20
Edgemere,40.595641807368494,-73.77613282391705,Baskin-Robbins,40.595123291015625,-73.78022766113281,Ice Cream Shop,4f91bda47beb818efa884351,1
Howard Beach,40.65422527738487,-73.8381376460028,Old Country Bagel,40.65348394757553,-73.83857560968974,Bagel Shop,4bcdc0b8cc8cd13aa505c3cf,20
